<?xml version="1.0" encoding="utf-8" standalone="yes" ?>
<rss version="2.0" xmlns:atom="http://www.w3.org/2005/Atom">
  <channel>
    <title>Categories on Project-2</title>
    <link>http://project2.org/categories/</link>
    <description>Recent content in Categories on Project-2</description>
    <generator>Hugo -- gohugo.io</generator>
    <language>en-us</language>
    
	<atom:link href="http://project2.org/categories/index.xml" rel="self" type="application/rss+xml" />
    
    
  </channel>
</rss>